id,type,login
23487929637,IssueCommentEvent,sukhada
23487929676,PushEvent,yousabu
23487929674,PushEvent,MathisGD
23487929661,PushEvent,BR-Junior
23487929682,PushEvent,predictcrypto
23487929673,PushEvent,kazukimikami
23487929588,PushEvent,allcontributors[bot]
23487929636,CreateEvent,github-actions[bot]
23487929580,IssuesEvent,sozysozbot
23487929591,PushEvent,moiify
23487929533,PushEvent,Callithrix-omics
23487929573,PushEvent,datho7561
23487929349,PushEvent,ofzlo
23487929578,PushEvent,edwardzuniga
23487929597,IssueCommentEvent,0xcadams
23487929522,ReleaseEvent,github-actions[bot]
23487929560,PushEvent,Mahalderk
23487929536,PushEvent,markbush
23487929501,DeleteEvent,balena-ci
23487929523,PushEvent,chengzhong001
23487929494,PushEvent,pull[bot]
23487929532,PushEvent,fathozt
23487929508,CreateEvent,ibrahimalangri
23487929447,PushEvent,InonAngel98
23487929496,DeleteEvent,DmytroKova
23487929420,PushEvent,brianway
23487929439,PushEvent,github-actions[bot]
23487929452,PushEvent,adamsorbie
23487929428,IssuesEvent,justbecoder
23487929425,IssueCommentEvent,dislbenn
23487963576,WatchEvent,evilgaoshu
23487963624,CreateEvent,gurram47
23487963529,PushEvent,afbeltranr
23487963558,IssueCommentEvent,karla-vm
23487963581,PullRequestEvent,hsluoyz
23487963532,PushEvent,mnw1020
23487963524,PushEvent,ikjo93
23487963526,PushEvent,Gabe616
23487963492,PushEvent,BadProfessor
23487963504,DeleteEvent,allanrg4
23487963536,PullRequestReviewEvent,QGarchery
23487963495,CreateEvent,Diyouf
23487963522,PushEvent,tiltingpenguin
23487963444,PushEvent,igrek-ovs
23487963462,PullRequestEvent,cchanmi
23487963480,IssuesEvent,mvashishtha
23487963457,PushEvent,na4zagin3
23487963413,PushEvent,xsidc
23487963429,PushEvent,kkukelka
23487963448,PushEvent,Sidalvik
23487963440,PushEvent,qJkee
23487963411,IssueCommentEvent,mvashishtha
23487963456,IssueCommentEvent,mergify[bot]
23487963426,WatchEvent,exqlnet
23487963471,PullRequestEvent,lindseyburnett
23487963425,CreateEvent,wwwuuid2com28
23487963368,PushEvent,signcla-test-unsigned
23487963384,PushEvent,LombiqBot
23487963376,PushEvent,HARPHUNA
23487963366,PushEvent,khurtwilliams
